{
	"info": {
		"_postman_id": "bd832386-b743-4d2e-9908-41ac1a85505f",
		"name": "NCERT",
		"schema": "https://schema.getpostman.com/json/collection/v2.1.0/collection.json"
	},
	"item": [
		{
			"name": "Auth",
			"item": [
				{
					"name": "Login (Admin)",
					"request": {
						"method": "POST",
						"header": [],
						"body": {
							"mode": "formdata",
							"formdata": [
								{
									"key": "username",
									"value": "admin",
									"type": "text"
								},
								{
									"key": "password",
									"value": "password",
									"type": "text"
								}
							]
						},
						"url": {
							"raw": "http://localhost/ncert/api/v1/auth/login",
							"protocol": "http",
							"host": [
								"localhost"
							],
							"path": [
								"ncert",
								"api",
								"v1",
								"auth",
								"login"
							]
						}
					},
					"response": []
				},
				{
					"name": "Login (School)",
					"request": {
						"method": "POST",
						"header": [],
						"body": {
							"mode": "formdata",
							"formdata": [
								{
									"key": "username",
									"value": "school1",
									"type": "text"
								},
								{
									"key": "password",
									"value": "password",
									"type": "text"
								}
							]
						},
						"url": {
							"raw": "http://localhost/ncert/api/v1/auth/login",
							"protocol": "http",
							"host": [
								"localhost"
							],
							"path": [
								"ncert",
								"api",
								"v1",
								"auth",
								"login"
							]
						}
					},
					"response": []
				},
				{
					"name": "Register",
					"request": {
						"method": "POST",
						"header": [],
						"body": {
							"mode": "formdata",
							"formdata": [
								{
									"key": "username",
									"value": "school1",
									"type": "text"
								},
								{
									"key": "password",
									"value": "password",
									"type": "text"
								},
								{
									"key": "name",
									"value": "School 1 Management",
									"type": "text"
								},
								{
									"key": "email",
									"value": "management@school1.com",
									"type": "text"
								}
							]
						},
						"url": {
							"raw": "http://localhost/ncert/api/v1/auth/register",
							"protocol": "http",
							"host": [
								"localhost"
							],
							"path": [
								"ncert",
								"api",
								"v1",
								"auth",
								"register"
							]
						}
					},
					"response": []
				},
				{
					"name": "Logout",
					"request": {
						"method": "POST",
						"header": [],
						"body": {
							"mode": "raw",
							"raw": ""
						},
						"url": {
							"raw": "http://localhost/ncert/api/v1/auth/logout?token=21232f297a57a5a743894a0e4a801fc3",
							"protocol": "http",
							"host": [
								"localhost"
							],
							"path": [
								"ncert",
								"api",
								"v1",
								"auth",
								"logout"
							],
							"query": [
								{
									"key": "token",
									"value": "21232f297a57a5a743894a0e4a801fc3"
								}
							]
						}
					},
					"response": []
				}
			]
		},
		{
			"name": "Affiliation",
			"item": [
				{
					"name": "Create",
					"request": {
						"method": "POST",
						"header": [],
						"body": {
							"mode": "formdata",
							"formdata": [
								{
									"key": "name",
									"value": "School 1",
									"type": "text"
								},
								{
									"key": "city",
									"value": "Bangalore",
									"type": "text"
								},
								{
									"key": "state",
									"value": "Karnataka",
									"type": "text"
								},
								{
									"key": "grades",
									"value": "1,2,3,4,5, 10\n",
									"description": " ",
									"type": "text"
								}
							]
						},
						"url": {
							"raw": "http://localhost/ncert/api/v1/affiliation?token=cbaa409f6e2470985887affe76e0d0ee",
							"protocol": "http",
							"host": [
								"localhost"
							],
							"path": [
								"ncert",
								"api",
								"v1",
								"affiliation"
							],
							"query": [
								{
									"key": "token",
									"value": "cbaa409f6e2470985887affe76e0d0ee"
								}
							]
						}
					},
					"response": []
				},
				{
					"name": "Edit",
					"request": {
						"method": "POST",
						"header": [],
						"body": {
							"mode": "formdata",
							"formdata": [
								{
									"key": "name",
									"value": "School 1 Edited",
									"type": "text"
								},
								{
									"key": "city",
									"value": "Mysore",
									"type": "text"
								},
								{
									"key": "state",
									"value": "Karnataka",
									"type": "text"
								},
								{
									"key": "grades",
									"value": "1,2,3,4,5,6",
									"type": "text"
								}
							]
						},
						"url": {
							"raw": "http://localhost/ncert/api/v1/affiliation/2?token=cbaa409f6e2470985887affe76e0d0ee",
							"protocol": "http",
							"host": [
								"localhost"
							],
							"path": [
								"ncert",
								"api",
								"v1",
								"affiliation",
								"2"
							],
							"query": [
								{
									"key": "token",
									"value": "cbaa409f6e2470985887affe76e0d0ee"
								}
							]
						}
					},
					"response": []
				}
			]
		},
		{
			"name": "Admin",
			"item": [
				{
					"name": "Approve Affiliation",
					"request": {
						"method": "POST",
						"header": [],
						"body": {
							"mode": "formdata",
							"formdata": [
								{
									"key": "status",
									"value": "approved",
									"type": "text"
								},
								{
									"key": "status",
									"value": "rejected",
									"type": "text",
									"disabled": true
								},
								{
									"key": "status",
									"value": "to_edit",
									"type": "text",
									"disabled": true
								}
							]
						},
						"url": {
							"raw": "http://localhost/ncert/api/v1/affiliation/2/status?token=21232f297a57a5a743894a0e4a801fc3",
							"protocol": "http",
							"host": [
								"localhost"
							],
							"path": [
								"ncert",
								"api",
								"v1",
								"affiliation",
								"2",
								"status"
							],
							"query": [
								{
									"key": "token",
									"value": "21232f297a57a5a743894a0e4a801fc3"
								}
							]
						}
					},
					"response": []
				},
				{
					"name": "Fetch Affiliations",
					"request": {
						"method": "GET",
						"header": [],
						"body": {
							"mode": "raw",
							"raw": ""
						},
						"url": {
							"raw": "http://localhost/ncert/api/v1/affiliation?token=21232f297a57a5a743894a0e4a801fc3",
							"protocol": "http",
							"host": [
								"localhost"
							],
							"path": [
								"ncert",
								"api",
								"v1",
								"affiliation"
							],
							"query": [
								{
									"key": "token",
									"value": "21232f297a57a5a743894a0e4a801fc3"
								}
							]
						}
					},
					"response": []
				}
			]
		}
	]
}