{
	"info": {
		"_postman_id": "bcec8d5d-806e-46e9-b067-3714694fac79",
		"name": "Facebook",
		"schema": "https://schema.getpostman.com/json/collection/v2.1.0/collection.json"
	},
	"item": [
		{
			"name": "Authentication",
			"item": [
				{
					"name": "Login",
					"request": {
						"auth": {
							"type": "basic",
							"basic": [
								{
									"key": "password",
									"value": "password",
									"type": "string"
								},
								{
									"key": "username",
									"value": "advaith@gmail.com",
									"type": "string"
								}
							]
						},
						"method": "POST",
						"header": [],
						"body": {
							"mode": "raw",
							"raw": ""
						},
						"url": {
							"raw": "http://localhost/Advaith_facebook_api/api/v1/login",
							"protocol": "http",
							"host": [
								"localhost"
							],
							"path": [
								"Advaith_facebook_api",
								"api",
								"v1",
								"login"
							]
						}
					},
					"response": []
				},
				{
					"name": "Register",
					"request": {
						"method": "POST",
						"header": [],
						"body": {
							"mode": "formdata",
							"formdata": [
								{
									"key": "email",
									"value": "advaith@gmail.com",
									"type": "text"
								},
								{
									"key": "password",
									"value": "password",
									"type": "text"
								},
								{
									"key": "name",
									"value": "Advaith",
									"type": "text"
								}
							]
						},
						"url": {
							"raw": "http://localhost/Advaith_facebook_api/api/v1/register",
							"protocol": "http",
							"host": [
								"localhost"
							],
							"path": [
								"Advaith_facebook_api",
								"api",
								"v1",
								"register"
							]
						}
					},
					"response": []
				},
				{
					"name": "Logout",
					"request": {
						"auth": {
							"type": "basic",
							"basic": [
								{
									"key": "password",
									"value": "password",
									"type": "string"
								},
								{
									"key": "username",
									"value": "advaith@gmail.com",
									"type": "string"
								}
							]
						},
						"method": "POST",
						"header": [],
						"body": {
							"mode": "formdata",
							"formdata": [
								{
									"key": "token",
									"value": "f702e5ffec27fa135f31f58e6922ce75",
									"type": "text"
								}
							]
						},
						"url": {
							"raw": "http://localhost/Advaith_facebook_api/api/v1/logout",
							"protocol": "http",
							"host": [
								"localhost"
							],
							"path": [
								"Advaith_facebook_api",
								"api",
								"v1",
								"logout"
							]
						}
					},
					"response": []
				}
			]
		},
		{
			"name": "Upload",
			"item": [
				{
					"name": "http://localhost/Advaith_facebook_api/api/v1/upload",
					"request": {
						"auth": {
							"type": "basic",
							"basic": [
								{
									"key": "password",
									"value": "password",
									"type": "string"
								},
								{
									"key": "username",
									"value": "advaith@gmail.com",
									"type": "string"
								}
							]
						},
						"method": "POST",
						"header": [],
						"body": {
							"mode": "formdata",
							"formdata": [
								{
									"key": "token",
									"value": "f702e5ffec27fa135f31f58e6922ce75",
									"type": "text"
								},
								{
									"key": "image",
									"type": "file",
									"src": ""
								}
							]
						},
						"url": {
							"raw": "http://localhost/Advaith_facebook_api/api/v1/upload",
							"protocol": "http",
							"host": [
								"localhost"
							],
							"path": [
								"Advaith_facebook_api",
								"api",
								"v1",
								"upload"
							]
						}
					},
					"response": []
				},
				{
					"name": "Get all",
					"request": {
						"auth": {
							"type": "basic",
							"basic": [
								{
									"key": "password",
									"value": "password",
									"type": "string"
								},
								{
									"key": "username",
									"value": "advaith@gmail.com",
									"type": "string"
								}
							]
						},
						"method": "GET",
						"header": [],
						"body": {
							"mode": "raw",
							"raw": ""
						},
						"url": {
							"raw": "http://localhost/Advaith_facebook_api/api/v1/upload?token=f702e5ffec27fa135f31f58e6922ce75",
							"protocol": "http",
							"host": [
								"localhost"
							],
							"path": [
								"Advaith_facebook_api",
								"api",
								"v1",
								"upload"
							],
							"query": [
								{
									"key": "token",
									"value": "f702e5ffec27fa135f31f58e6922ce75"
								}
							]
						}
					},
					"response": []
				}
			]
		}
	]
}